suser0	suser0@gm.com	suser0.pswd	1
suser1	suser1@gm.com	suser1.pswd	1
suser2	suser2@gm.com	suser2.pswd	1
suser3	suser3@gm.com	suser3.pswd	1
suser4	suser4@gm.com	suser4.pswd	1
suser5	suser5@gm.com	suser5.pswd	1
suser6	suser6@gm.com	suser6.pswd	1
suser7	suser7@gm.com	suser7.pswd	1
suser8	suser8@gm.com	suser8.pswd	1
suser9	suser9@gm.com	suser9.pswd	1
user0	user0@gm.com	user0.pswd	0
user1	user1@gm.com	user1.pswd	0
user2	user2@gm.com	user2.pswd	0
user3	user3@gm.com	user3.pswd	0
user4	user4@gm.com	user4.pswd	0
user5	user5@gm.com	user5.pswd	0
user6	user6@gm.com	user6.pswd	0
user7	user7@gm.com	user7.pswd	0
user8	user8@gm.com	user8.pswd	0
user9	user9@gm.com	user9.pswd	0
user10	user10@gm.com	user10.pswd	0
user11	user11@gm.com	user11.pswd	0
user12	user12@gm.com	user12.pswd	0
user13	user13@gm.com	user13.pswd	0
user14	user14@gm.com	user14.pswd	0
user15	user15@gm.com	user15.pswd	0
user16	user16@gm.com	user16.pswd	0
user17	user17@gm.com	user17.pswd	0
user18	user18@gm.com	user18.pswd	0
user19	user19@gm.com	user19.pswd	0
user20	user20@gm.com	user20.pswd	0
user21	user21@gm.com	user21.pswd	0
user22	user22@gm.com	user22.pswd	0
user23	user23@gm.com	user23.pswd	0
user24	user24@gm.com	user24.pswd	0
user25	user25@gm.com	user25.pswd	0
user26	user26@gm.com	user26.pswd	0
user27	user27@gm.com	user27.pswd	0
user28	user28@gm.com	user28.pswd	0
user29	user29@gm.com	user29.pswd	0
user30	user30@gm.com	user30.pswd	0
user31	user31@gm.com	user31.pswd	0
user32	user32@gm.com	user32.pswd	0
user33	user33@gm.com	user33.pswd	0
user34	user34@gm.com	user34.pswd	0
user35	user35@gm.com	user35.pswd	0
user36	user36@gm.com	user36.pswd	0
user37	user37@gm.com	user37.pswd	0
user38	user38@gm.com	user38.pswd	0
user39	user39@gm.com	user39.pswd	0
user40	user40@gm.com	user40.pswd	0
user41	user41@gm.com	user41.pswd	0
user42	user42@gm.com	user42.pswd	0
user43	user43@gm.com	user43.pswd	0
user44	user44@gm.com	user44.pswd	0
user45	user45@gm.com	user45.pswd	0
user46	user46@gm.com	user46.pswd	0
user47	user47@gm.com	user47.pswd	0
user48	user48@gm.com	user48.pswd	0
user49	user49@gm.com	user49.pswd	0
